Node, InDeg, OutDeg, BetCent, Influence, Redundancy
0, 2, 2, 0.0, 0.6, 0.0
1, 3, 3, 0.375, 0.2, 0.0
2, 2, 2, 0.25, 0.3333333333333333, 2.0
3, 3, 1, 0.041666666666666664, 0.4666666666666666, 0.3333333333333333
4, 2, 4, 0.16666666666666666, 0.2, 0.0
